TheyWorkForYou MP ID	MP Name	Constituency	Constituency ID
10001	Diane Abbott	Hackney North and Stoke Newington	E14000720
10031	Margaret Beckett	Derby South	E14000663
10041	Paul Beresford	Mole Valley	E14000824
10045	Clive Betts	Sheffield South East	E14000920
10051	Crispin Blunt	Reigate	E14000893
10057	Peter Bottomley	Worthing West	E14001055
10061	Ben Bradshaw	Exeter	E14000698
10062	Graham Brady	Altrincham and Sale West	E14000532
10069	Nick Brown	Newcastle upon Tyne East	E14000832
10075	Karen Buck	Westminster North	E14001036
10086	Alan Campbell	Tynemouth	E14001006
10095	Bill Cash	Stone	E14000975
10103	Christopher Chope	Christchurch	E14000638
10119	Geoffrey Clifton-Brown	The Cotswolds	E14000991
10131	Yvette Cooper	Normanton, Pontefract and Castleford	E14000836
10133	Jeremy Corbyn	Islington North	E14000763
10143	John Cryer	Leyton and Wanstead	E14000790
10155	Edward Davey	Kingston and Surbiton	E14000770
10159	Geraint Davies	Swansea West	W07000047
10162	David Davis	Haltemprice and Howden	E14000724
10172	Jeffrey M. Donaldson	Lagan Valley	N06000009
10180	Iain Duncan Smith	Chingford and Woodford Green	E14000634
10182	Angela Eagle	Wallasey	E14001010
10183	Maria Eagle	Garston and Halewood	E14000708
10185	Clive Efford	Eltham	E14000690
10190	Nigel Evans	Ribble Valley	E14000894
10193	Michael Fabricant	Lichfield	E14000791
10213	Liam Fox	North Somerset	E14000850
10217	Roger Gale	North Thanet	E14000852
10220	Barry Gardiner	Brent North	E14000592
10225	Nick Gibb	Bognor Regis and Littlehampton	E14000576
10240	James Gray	North Wiltshire	E14000860
10241	Damian Green	Ashford	E14000536
10256	Fabian Hamilton	Leeds North East	E14000779
10260	Harriet Harman	Camberwell and Peckham	E14000615
10265	John Hayes	South Holland and The Deepings	E14000939
10267	Oliver Heald	North East Hertfordshire	E14000845
10268	John Healey	Wentworth and Dearne	E14001028
10281	Margaret Hodge	Barking	E14000540
10292	George Howarth	Knowsley	E14000775
10295	Lindsay Hoyle	Chorley	E14000637
10312	Bernard Jenkin	Harwich and North Essex	E14000734
10348	Eleanor Laing	Epping Forest	E14000693
10352	Edward Leigh	Gainsborough	E14000707
10358	Julian Lewis	New Forest East	E14000827
10367	Tony Lloyd	Rochdale	E14000897
10371	Tim Loughton	East Worthing and Shoreham	E14000682
10377	Steve McCabe	Birmingham, Selly Oak	E14000567
10381	Siobhain McDonagh	Mitcham and Morden	E14000823
10383	John Martin McDonnell	Hayes and Harlington	E14000737
10426	Theresa May	Maidenhead	E14000803
10499	John Redwood	Wokingham	E14001048
10505	Laurence Robertson	Tewkesbury	E14000990
10534	Barry Sheerman	Huddersfield	E14000756
10558	John Spellar	Warley	E14001016
10575	Gary Streeter	South West Devon	E14000950
10576	Graham Stringer	Blackley and Broughton	E14000571
10580	Desmond Swayne	New Forest West	E14000828
10582	Robert Syms	Poole	E14000881
10594	Gareth Thomas	Harrow West	E14000732
10596	Stephen Timms	East Ham	E14000679
10604	Jon Trickett	Hemsworth	E14000740
10610	Derek Twigg	Halton	E14000725
10630	Alan Whitehead	Southampton, Test	E14000956
10632	John Whittingdale	Maldon	E14000806
10648	Rosie Winterton	Doncaster Central	E14000668
10669	Hilary Benn	Leeds Central	E14000777
10678	David Lammy	Tottenham	E14001002
10682	Mark Hendrick	Preston	E14000885
10707	Richard Bacon	South Norfolk	E14000941
10715	John Baron	Basildon and Billericay	E14000544
10753	Kevin Brennan	Cardiff West	W07000079
10761	Chris Bryant	Rhondda	W07000052
10780	Gregory Campbell	East Londonderry	N06000006
10785	Alistair Carmichael	Orkney and Shetland	S14000051
10828	Jon Cruddas	Dagenham and Rainham	E14000657
10842	Wayne David	Caerphilly	W07000076
10854	Jonathan Djanogly	Huntingdon	E14000757
10901	Mark Francois	Rayleigh and Wickford	E14000888
10913	Michelle Gildernew	Fermanagh and South Tyrone	N06000007
10920	Chris Grayling	Epsom and Ewell	E14000694
10999	Boris Johnson	Uxbridge and South Ruislip	E14001007
11003	Kevan Jones	North Durham	E14000840
11026	Greg Knight	East Yorkshire	E14000683
11048	Ian Liddell-Grainger	Bridgwater and West Somerset	E14000595
11087	Khalid Mahmood	Birmingham, Perry Barr	E14000566
11115	Andrew Mitchell	Sutton Coldfield	E14000985
11132	Andrew Murrison	South West Wiltshire	E14000954
11199	Andrew Rosindell	Romford	E14000900
11216	Andrew Selous	South West Bedfordshire	E14000949
11267	Mark Tami	Alyn and Deeside	W07000043
11318	Bill Wiggin	North Herefordshire	E14000847
11323	Hywel Williams	Arfon	W07000057
11333	Pete Wishart	Perth and North Perthshire	S14000054
11360	Liam Byrne	Birmingham, Hodge Hill	E14000563
11374	Sammy Wilson	East Antrim	N06000005
11389	Maria Miller	Basingstoke	E14000545
11397	Nadine Dorries	Mid Bedfordshire	E14000813
11406	Graham Stuart	Beverley and Holderness	E14000556
11408	David Evennett	Bexleyheath and Crayford	E14000558
11437	Tobias Ellwood	Bournemouth East	E14000584
11447	Dawn Butler	Brent Central	E14000591
11455	Kerry McCarthy	Bristol East	E14000599
11461	Charles Walker	Broxbourne	E14000606
11475	Shailesh Vara	North West Cambridgeshire	E14000855
11500	Theresa Villiers	Chipping Barnet	E14000636
11506	David Jones	Clwyd West	W07000059
11531	Andrew Gwynne	Denton and Reddish	E14000661
11541	Geoffrey Cox	Torridge and West Devon	E14001000
11545	Ed Miliband	Doncaster North	E14000669
11559	Andrew Slaughter	Hammersmith	E14000726
11588	Mark Harper	Forest of Dean	E14000705
11592	Sharon Hodgson	Washington and Sunderland West	E14001020
11599	Adam Holloway	Gravesham	E14000715
11605	Meg Hillier	Hackney South and Shoreditch	E14000721
11610	Greg Hands	Chelsea and Fulham	E14000629
11626	Mike Penning	Hemel Hempstead	E14000739
11647	Diana R. Johnson	Kingston upon Hull North	E14000772
11656	Emily Thornberry	Islington South and Finsbury	E14000764
11661	Philip Hollobone	Kettering	E14000769
11667	Rosie Cooper	West Lancashire	E14001033
11668	Ben Wallace	Wyre and Preston North	E14001057
11692	Nia Griffith	Llanelli	W07000045
11696	Philip Dunne	Ludlow	E14000799
11719	David Davies	Monmouth	W07000054
11732	Jessica Morden	Newport East	W07000055
11768	Stephen Crabb	Preseli Pembrokeshire	W07000065
11785	James Duddridge	Rochford and Southend East	E14000899
11791	Jeremy Wright	Kenilworth and Southam	E14000767
11804	Robert Goodwill	Scarborough and Whitby	E14000913
11816	Philip Davies	Shipley	E14000925
11817	Daniel Kawczynski	Shrewsbury and Atcham	E14000926
11858	Michael Gove	Surrey Heath	E14000983
11859	Jeremy Hunt	South West Surrey	E14000953
11884	Greg Clark	Tunbridge Wells	E14001004
11915	Peter Bone	Wellingborough	E14001025
11917	Grant Shapps	Welwyn Hatfield	E14001027
11921	Lyn Brown	West Ham	E14001032
11923	Tim Farron	Westmorland and Lonsdale	E14001037
11924	John Penrose	Weston-Super-Mare	E14001038
11927	Stephen Hammond	Wimbledon	E14001040
11929	Adam Afriyie	Windsor	E14001042
11936	Pat McFadden	Wolverhampton South East	E14001050
11943	Barbara Keeley	Worsley and Eccles South	E14001054
11946	Mark Pritchard	The Wrekin	E14000992
11970	David Mundell	Dumfriesshire, Clydesdale and Tweeddale	S14000014
11973	Stewart Hosie	Dundee East	S14000015
12004	Angus MacNeil	Na h-Eileanan an Iar	S14000027
13736	Bob Neill	Bromley and Chislehurst	E14000604
13836	Francie Molloy	Mid Ulster	N06000010
13852	Ian Paisley Jnr	North Antrim	N06000012
13864	Jim Shannon	Strangford	N06000016
13893	Mickey Brady	Newry and Armagh	N06000011
13899	Stephen Farry	North Down	N06000013
13904	Paul Maskey	Belfast West	N06000004
13934	Virendra Sharma	Ealing, Southall	E14000676
14026	John Lamont	Berwickshire, Roxburgh and Selkirk	S14000008
14031	Kenny MacAskill	East Lothian	S14000020
14128	Edward Timpson	Eddisbury	E14000686
14131	John Howell	Henley	E14000742
14146	Anne McLaughlin	Glasgow North East	S14000032
24691	Chloe Smith	Norwich North	E14000863
24709	Bridget Phillipson	Houghton and Sunderland South	E14000754
24710	Julie Elliott	Sunderland Central	E14000982
24713	Chris Skidmore	Kingswood	E14000774
24715	Grahame Morris	Easington	E14000677
24716	Jack Lopresti	Filton and Bradley Stoke	E14000702
24721	Chris Evans	Islwyn	W07000077
24725	Karen Bradley	Staffordshire Moorlands	E14000966
24728	Nick Smith	Blaenau Gwent	W07000072
24729	Gavin Williamson	South Staffordshire	E14000945
24731	Rebecca Harris	Castle Point	E14000622
24740	Alun Cairns	Vale of Glamorgan	W07000078
24741	Andrew Bridgen	North West Leicestershire	E14000858
24742	Alex Cunningham	Stockton North	E14000970
24743	Jonathan Edwards	Carmarthen East and Dinefwr	W07000067
24744	Damian Collins	Folkestone and Hythe	E14000704
24745	Marcus Jones	Nuneaton	E14000868
24747	Christopher Pincher	Tamworth	E14000986
24749	Stephen Metcalfe	South Basildon and East Thurrock	E14000933
24756	Daniel Poulter	Central Suffolk and North Ipswich	E14000624
24758	Andrew Jones	Harrogate and Knaresborough	E14000730
24759	Andrew Stephenson	Pendle	E14000875
24764	Paul Maynard	Blackpool North and Cleveleys	E14000572
24767	Karl Turner	Kingston upon Hull East	E14000771
24769	Heather Wheeler	South Derbyshire	E14000935
24770	Kwasi Kwarteng	Spelthorne	E14000959
24771	Therese Coffey	Suffolk Coastal	E14000981
24773	Matthew Hancock	West Suffolk	E14001034
24774	Lilian Greenwood	Nottingham South	E14000867
24775	Yasmin Qureshi	Bolton South East	E14000579
24778	Priti Patel	Witham	E14001045
24780	Conor Burns	Bournemouth West	E14000585
24782	Damian Hinds	East Hampshire	E14000680
24784	Robert Halfon	Harlow	E14000729
24785	Harriett Baldwin	West Worcestershire	E14001035
24786	Steven Baker	Wycombe	E14001056
24787	Richard Fuller	North East Bedfordshire	E14000841
24788	Shabana Mahmood	Birmingham, Ladywood	E14000564
24790	Karl McCartney	Lincoln	E14000792
24796	Helen Grant	Maidstone and The Weald	E14000804
24799	John Stevenson	Carlisle	E14000620
24802	Henry Smith	Crawley	E14000652
24803	Gareth Johnson	Dartford	E14000659
24804	Mark Menzies	Fylde	E14000706
24805	Yvonne Fovargue	Makerfield	E14000805
24807	Chi Onwurah	Newcastle upon Tyne Central	E14000831
24809	Caroline Nokes	Romsey and Southampton North	E14000901
24813	Simon Hart	Carmarthen West and South Pembrokeshire	W07000066
24814	Martin Vickers	Cleethorpes	E14000643
24815	Dominic Raab	Esher and Walton	E14000697
24816	Liz Kendall	Leicester West	E14000784
24817	George Freeman	Mid Norfolk	E14000816
24818	Catherine McKinnell	Newcastle upon Tyne North	E14000833
24820	David Rutley	Macclesfield	E14000802
24821	Pauline Latham	Mid Derbyshire	E14000814
24822	Nadhim Zahawi	Stratford-on-Avon	E14000977
24824	Mark Garnier	Wyre Forest	E14001058
24827	Jesse Norman	Hereford and South Herefordshire	E14000743
24828	Gordon Henderson	Sittingbourne and Sheppey	E14000927
24829	Andrea Leadsom	South Northamptonshire	E14000942
24831	Lisa Nandy	Wigan	E14001039
24832	Andrew Percy	Brigg and Goole	E14000596
24839	John Glen	Salisbury	E14000912
24841	Chris Heaton-Harris	Daventry	E14000660
24843	Robert Buckland	South Swindon	E14000947
24845	Toby Perkins	Chesterfield	E14000632
24851	Rachel Reeves	Leeds West	E14000781
24852	Valerie Vaz	Walsall South	E14001012
24853	Julian Sturdy	York Outer	E14001062
24854	Sajid Javid	Bromsgrove	E14000605
24855	James Morris	Halesowen and Rowley Regis	E14000722
24857	Fiona Bruce	Congleton	E14000646
24860	Jake Berry	Rossendale and Darwen	E14000902
24862	Robin Walker	Worcester	E14001052
24864	Stuart Andrew	Pudsey	E14000886
24866	Michael Ellis	Northampton North	E14000861
24870	Justin Tomlinson	North Swindon	E14000851
24871	Tracey Crouch	Chatham and Aylesford	E14000626
24872	Ian Murray	Edinburgh South	S14000024
24873	Caroline Dinenage	Gosport	E14000713
24875	Sheryll Murray	South East Cornwall	E14000938
24878	Nigel Adams	Selby and Ainsty	E14000917
24879	Brandon Lewis	Great Yarmouth	E14000717
24880	Mark Pawsey	Rugby	E14000905
24882	Esther McVey	Tatton	E14000987
24884	Jonathan Lord	Woking	E14001047
24887	Jason McCartney	Colne Valley	E14000645
24888	Stephen McPartland	Stevenage	E14000968
24893	Alec Shelbrooke	Elmet and Rothwell	E14000689
24896	Kate Green	Stretford and Urmston	E14000979
24897	Alison McGovern	Wirral South	E14001043
24901	Steve Brine	Winchester	E14001041
24902	Alok Sharma	Reading West	E14000890
24903	Richard Drax	South Dorset	E14000936
24904	Peter Aldous	Waveney	E14001022
24905	Bill Esterson	Sefton Central	E14000916
24907	Bob Stewart	Beckenham	E14000551
24909	Mark Spencer	Sherwood	E14000924
24910	Caroline Lucas	Brighton, Pavilion	E14000598
24912	Anne Marie Morris	Newton Abbot	E14000835
24914	Mel Stride	Central Devon	E14000623
24916	Steve Barclay	North East Cambridgeshire	E14000842
24919	Ian Mearns	Gateshead	E14000709
24920	Rehman Chishti	Gillingham and Rainham	E14000711
24921	Richard Graham	Gloucester	E14000712
24926	Jacob Rees-Mogg	North East Somerset	E14000846
24927	Mary Glindon	North Tyneside	E14000853
24929	Jonathan Reynolds	Stalybridge and Hyde	E14000967
24933	George Eustice	Camborne and Redruth	E14000616
24934	Mike Freer	Finchley and Golders Green	E14000703
24938	Penny Mordaunt	Portsmouth North	E14000883
24941	Elizabeth Truss	South West Norfolk	E14000952
24943	Paul Blomfield	Sheffield Central	E14000919
24944	Craig Whittaker	Calder Valley	E14000614
24945	Bob Blackman	Harrow East	E14000731
24947	Iain Stewart	Milton Keynes South	E14000822
24949	Stella Creasy	Walthamstow	E14001013
24955	Matthew Offord	Hendon	E14000741
24957	Jackie Doyle-Price	Thurrock	E14000995
24958	Rushanara Ali	Bethnal Green and Bow	E14000555
24961	Julian Smith	Skipton and Ripon	E14000928
24962	Guy Opperman	Hexham	E14000746
24963	Ian Lavery	Wansbeck	E14001014
24965	Nigel Mills	Amber Valley	E14000533
24966	David Morris	Morecambe and Lunesdale	E14000825
25034	Debbie Abrahams	Oldham East and Saddleworth	E14000870
25067	Dan Jarvis	Barnsley Central	E14000541
25120	Jon Ashworth	Leicester South	E14000783
25130	Colum Eastwood	Foyle	N06000008
25150	Seema Malhotra	Feltham and Heston	E14000701
25154	Christopher Hazzard	South Down	N06000015
25165	Lucy Powell	Manchester Central	E14000807
25166	Stephen Doughty	Cardiff South and Penarth	W07000080
25168	Sarah Champion	Rotherham	E14000904
25169	Andy McDonald	Middlesbrough	E14000819
25170	Steve Reed	Croydon North	E14000655
25181	Emma Lewell-Buck	South Shields	E14000944
25220	Mike Kane	Wythenshawe and Sale East	E14001059
25227	Robert Jenrick	Newark	E14000829
25268	Alan Brown	Kilmarnock and Loudoun	S14000040
25269	Mhairi Black	Paisley and Renfrewshire South	S14000053
25270	Chris Law	Dundee West	S14000016
25271	John McNally	Falkirk	S14000028
25272	Suella Braverman	Fareham	E14000699
25273	Peter Grant	Glenrothes	S14000036
25275	Martin Docherty	West Dunbartonshire	S14000059
25276	Lisa Cameron	East Kilbride, Strathaven and Lesmahagow	S14000019
25277	Marion Fellows	Motherwell and Wishaw	S14000047
25278	Owen Thompson	Midlothian	S14000045
25279	Nick Thomas-Symonds	Torfaen	W07000053
25280	Gavin Robinson	Belfast East	N06000001
25281	John Nicolson	Ochil and South Perthshire	S14000050
25284	Rupa Huq	Ealing Central and Acton	E14000674
25285	Alan Mak	Havant	E14000736
25287	Margaret Ferrier	Rutherglen and Hamilton West	S14000056
25288	Ronnie Cowan	Inverclyde	S14000038
25289	Gerald Jones	Merthyr Tydfil and Rhymney	W07000071
25290	Craig Tracey	North Warwickshire	E14000854
25291	Gavin Newlands	Paisley and Renfrewshire North	S14000052
25292	James Davies	Vale of Clwyd	W07000060
25294	Kirsten Oswald	East Renfrewshire	S14000021
25295	Angela Crawley	Lanark and Hamilton East	S14000042
25297	Stephen Kinnock	Aberavon	W07000049
25298	Kate Hollern	Blackburn	E14000570
25299	Patrick Grady	Glasgow North	S14000031
25300	Patricia Gibson	North Ayrshire and Arran	S14000048
25301	Stuart McDonald	Cumbernauld, Kilsyth and Kirkintilloch East	S14000012
25302	Liz Saville-Roberts	Dwyfor Meirionnydd	W07000061
25304	Jo Stevens	Cardiff Central	W07000050
25305	Douglas Chapman	Dunfermline and West Fife	S14000017
25306	Chris Stephens	Glasgow South West	S14000035
25307	Martyn Day	Linlithgow and East Falkirk	S14000043
25308	Carolyn Harris	Swansea East	W07000048
25309	Peter Dowd	Bootle	E14000581
25310	Helen Hayes	Dulwich and West Norwood	E14000673
25314	Kirsty Blackman	Aberdeen North	S14000001
25316	Michelle Donelan	Chippenham	E14000635
25318	Philippa Whitford	Central Ayrshire	S14000010
25319	Colleen Fletcher	Coventry North East	E14000649
25320	Wes Streeting	Ilford North	E14000759
25321	Marie Rimmer	St Helens South and Whiston	E14000963
25322	Stewart McDonald	Glasgow South	S14000034
25323	Oliver Dowden	Hertsmere	E14000745
25326	Neil Coyle	Bermondsey and Old Southwark	E14000553
25327	Alison Thewliss	Glasgow Central	S14000029
25328	Catherine West	Hornsey and Wood Green	E14000752
25329	Craig Williams	Montgomeryshire	W07000063
25330	Mims Davies	Mid Sussex	E14000817
25331	Paul Scully	Sutton and Cheam	E14000984
25332	Christina Rees	Neath	W07000069
25335	Caroline Ansell	Eastbourne	E14000684
25336	Deidre Brock	Edinburgh North and Leith	S14000023
25337	Lucy Allan	Telford	E14000989
25338	Kevin Foster	Torbay	E14000999
25340	Alex Chalk	Cheltenham	E14000630
25341	Tommy Sheppard	Edinburgh East	S14000022
25342	Wendy Morton	Aldridge-Brownhills	E14000531
25343	Ruth Cadbury	Brentford and Isleworth	E14000593
25344	Tulip Siddiq	Hampstead and Kilburn	E14000727
25345	Royston Smith	Southampton, Itchen	E14000955
25346	Kit Malthouse	North West Hampshire	E14000857
25349	Margaret Greenwood	Wirral West	E14001044
25350	Amanda Milling	Cannock Chase	E14000618
25353	Keir Starmer	Holborn and St Pancras	E14000750
25354	Nusrat Ghani	Wealden	E14001023
25356	Clive Lewis	Norwich South	E14000864
25357	Louise Haigh	Sheffield, Heeley	E14000923
25359	Chris Green	Bolton West	E14000580
25360	William Wragg	Hazel Grove	E14000738
25361	Ian Blackford	Ross, Skye and Lochaber	S14000055
25362	Mike Wood	Dudley South	E14000672
25364	Jess Phillips	Birmingham, Yardley	E14000568
25365	Kate Osamor	Edmonton	E14000687
25366	Jeff Smith	Manchester, Withington	E14000809
25367	Johnny Mercer	Plymouth, Moor View	E14000879
25368	Rebecca Long-Bailey	Salford and Eccles	E14000911
25370	Brendan O'Hara	Argyll and Bute	S14000005
25371	Maggie Throup	Erewash	E14000695
25372	David Warburton	Somerton and Frome	E14000932
25373	Luke Hall	Thornbury and Yate	E14000994
25374	Thomas Tugendhat	Tonbridge and Malling	E14000997
25375	Imran Hussain	Bradford East	E14000587
25376	James Cleverly	Braintree	E14000590
25377	Chris Philp	Croydon South	E14000656
25378	Justin Madders	Ellesmere Port and Neston	E14000688
25379	Matthew Pennycook	Greenwich and Woolwich	E14000718
25380	Vicky Foxcroft	Lewisham, Deptford	E14000789
25381	Nigel Huddleston	Mid Worcestershire	E14000818
25382	Drew Hendry	Inverness, Nairn, Badenoch and Strathspey	S14000039
25383	Scott Mann	North Cornwall	E14000837
25384	Marcus Fysh	Yeovil	E14001060
25385	Naseem Shah	Bradford West	E14000589
25386	Daniel Zeichner	Cambridge	E14000617
25387	Tom Pursglove	Corby	E14000648
25388	Julian Knight	Solihull	E14000931
25390	Karin Smyth	Bristol South	E14000601
25391	Richard Burgon	Leeds East	E14000778
25392	Flick Drummond	Meon Valley	E14000811
25393	Judith Cummins	Bradford South	E14000588
25395	Matt Warman	Boston and Skegness	E14000582
25396	Edward Argar	Charnwood	E14000625
25397	Maria Caulfield	Lewes	E14000786
25398	Helen Whately	Faversham and Mid Kent	E14000700
25399	Lucy Frazer	South East Cambridgeshire	E14000937
25402	Thangam Debbonaire	Bristol West	E14000602
25403	Will Quince	Colchester	E14000644
25404	Joanna Cherry	Edinburgh South West	S14000025
25405	Mary Robinson	Cheadle	E14000627
25406	Carol Monaghan	Glasgow North West	S14000033
25407	Rebecca Pow	Taunton Deane	E14000988
25408	Jo Churchill	Bury St Edmunds	E14000613
25409	Hannah Bardell	Livingston	S14000044
25410	Steve Double	St Austell and Newquay	E14000961
25411	Chris Matheson	City of Chester	E14000640
25413	Alberto Costa	South Leicestershire	E14000940
25414	James Cartlidge	South Suffolk	E14000946
25415	Kevin Hollinrake	Thirsk and Malton	E14000993
25417	Jeremy Quin	Horsham	E14000753
25418	Peter Kyle	Hove	E14000755
25419	Ranil Jayawardena	North East Hampshire	E14000844
25420	Victoria Prentis	Banbury	E14000539
25422	Michael Tomlinson	Mid Dorset and North Poole	E14000815
25423	Conor McGinn	St Helens North	E14000962
25424	Victoria Atkins	Louth and Horncastle	E14000798
25426	Huw Merriman	Bexhill and Battle	E14000557
25427	Simon Hoare	North Dorset	E14000839
25428	Rishi Sunak	Richmond (Yorks)	E14000895
25429	Angela Rayner	Ashton-under-Lyne	E14000537
25430	Kelly Tolhurst	Rochester and Strood	E14000898
25431	Andrea Jenkyns	Morley and Outwood	E14000826
25432	Cat Smith	Lancaster and Fleetwood	E14000776
25433	Rachael Maskell	York Central	E14001061
25434	Holly Lynch	Halifax	E14000723
25436	Amanda Solloway	Derby North	E14000662
25437	Craig Mackinlay	South Thanet	E14000948
25438	James Heappey	Wells	E14001026
25439	Anne-Marie Trevelyan	Berwick-upon-Tweed	E14000554
25440	Derek Thomas	St Ives	E14000964
25447	Claire Hanna	Belfast South	N06000003
25475	Jim McMahon	Oldham West and Royton	E14000871
25489	Gill Furniss	Sheffield, Brightside and Hillsborough	E14000921
25490	Chris Elmore	Ogmore	W07000074
25531	Douglas Ross	Moray	S14000046
25562	Carla Lockhart	Upper Bann	N06000017
25579	Rosena Allin-Khan	Tooting	E14000998
25593	Robert Courts	Witney	E14001046
25596	Sarah Olney	Richmond Park	E14000896
25597	Caroline Johnson	Sleaford and North Hykeham	E14000929
25600	Trudy Harrison	Copeland	E14000647
25614	Vicky Ford	Chelmsford	E14000628
25617	Stephanie Peacock	Barnsley East	E14000542
25618	Anneliese Dodds	Oxford East	E14000873
25620	Marsha de Cordova	Battersea	E14000549
25623	Liz Twist	Blaydon	E14000574
25628	Leo Docherty	Aldershot	E14000530
25629	Paul Girvan	South Antrim	N06000014
25630	Damien Moore	Southport	E14000958
25634	Tonia Antoniazzi	Gower	W07000046
25637	Darren Jones	Bristol North West	E14000600
25642	Dan Carden	Liverpool, Walton	E14000794
25644	Giles Watling	Clacton	E14000642
25645	Bob Seely	Isle of Wight	E14000762
25646	Emma Hardy	Kingston upon Hull West and Hessle	E14000773
25647	Anna McMorrin	Cardiff North	W07000051
25648	Wera Hobhouse	Bath	E14000547
25649	Mohammad Yasin	Bedford	E14000552
25652	Julia Lopez	Hornchurch and Upminster	E14000751
25656	Rosie Duffield	Canterbury	E14000619
25657	Simon Clarke	Middlesbrough South and East Cleveland	E14000820
25658	Stephen Morgan	Portsmouth South	E14000884
25659	Alex Burghart	Brentwood and Ongar	E14000594
25661	Bim Afolami	Hitchin and Harpenden	E14000749
25662	Afzal Khan	Manchester, Gorton	E14000808
25664	David Duguid	Banff and Buchan	S14000007
25666	Preet Kaur Gill	Birmingham, Edgbaston	E14000560
25667	Lloyd Russell-Moyle	Brighton, Kemptown	E14000597
25668	Jamie Stone	Caithness, Sutherland and Easter Ross	S14000009
25669	Ben Lake	Ceredigion	W07000064
25670	Gillian Keegan	Chichester	E14000633
25673	Sarah Jones	Croydon Central	E14000654
25674	Alister Jack	Dumfries and Galloway	S14000013
25675	Christine Jardine	Edinburgh West	S14000026
25676	Bambos Charalambous	Enfield, Southgate	E14000692
25677	David Linden	Glasgow East	S14000030
25679	Neil O'Brien	Harborough	E14000728
25680	Alex Sobel	Leeds North West	E14000780
25681	Ellie Reeves	Lewisham West and Penge	E14000788
25683	Ben Bradley	Mansfield	E14000810
25685	Lee Rowley	North East Derbyshire	E14000843
25686	Andrew Lewer	Northampton South	E14000862
25687	Alex Norris	Nottingham North	E14000866
25689	Layla Moran	Oxford West and Abingdon	E14000874
25690	Luke Pollard	Plymouth, Sutton and Devonport	E14000880
25691	Matt Rodda	Reading East	E14000889
25692	Rachel Maclean	Redditch	E14000892
25693	Kemi Badenoch	Saffron Walden	E14000910
25695	Tan Dhesi	Slough	E14000930
25698	Jack Brereton	Stoke-on-Trent South	E14000974
25699	Eddie Hughes	Walsall North	E14001011
25701	Matt Western	Warwick and Leamington	E14001019
25702	Mike Amesbury	Weaver Vale	E14001024
25703	Andrew Bowie	West Aberdeenshire and Kincardine	S14000058
25726	Órfhlaith Begley	West Tyrone	N06000018
25727	Janet Daby	Lewisham East	E14000787
25746	Ruth Jones	Newport West	W07000056
25750	Gareth Bacon	Orpington	E14000872
25759	Florence Eshalomi	Vauxhall	E14001008
25791	Ian Levy	Blyth Valley	E14000575
25792	Mark Jenkinson	Workington	E14001053
25793	Peter Gibson	Darlington	E14000658
25794	Kate Osborne	Jarrow	E14000765
25795	Paul Bristow	Peterborough	E14000878
25796	Dave Doogan	Angus	S14000004
25797	Claudia Webbe	Leicester East	E14000782
25798	Mick Whitley	Birkenhead	E14000559
25799	Simon Baynes	Clwyd South	W07000062
25800	Scott Benton	Blackpool South	E14000573
25801	James Murray	Ealing North	E14000675
25802	Cherilyn Mackrory	Truro and Falmouth	E14001003
25803	Kim Johnson	Liverpool, Riverside	E14000793
25804	Holly Mumby-Croft	Scunthorpe	E14000914
25805	Luke Evans	Bosworth	E14000583
25806	Jacob Young	Redcar	E14000891
25807	Jane Stevenson	Wolverhampton North East	E14001049
25808	Paul Holmes	Eastleigh	E14000685
25809	Rachel Hopkins	Luton South	E14000801
25810	Sarah Atherton	Wrexham	W07000044
25811	Tom Hunt	Ipswich	E14000761
25812	James Grundy	Leigh	E14000785
25813	Fleur Anderson	Putney	E14000887
25814	Shaun Bailey	West Bromwich West	E14001030
25815	Dehenna Davison	Bishop Auckland	E14000569
25816	Ian Byrne	Liverpool, West Derby	E14000796
25817	Nickie Aiken	Cities of London and Westminster	E14000639
25818	Stuart Anderson	Wolverhampton South West	E14001051
25819	Paula Barker	Liverpool, Wavertree	E14000795
25820	Munira Wilson	Twickenham	E14001005
25821	John Finucane	Belfast North	N06000002
25823	Sarah Owen	Luton North	E14000800
25824	Alex Davies-Jones	Pontypridd	W07000075
25825	Chris Clarkson	Heywood and Middleton	E14000747
25826	Beth Winter	Cynon Valley	W07000070
25827	Angela Richardson	Guildford	E14000719
25828	Dean Russell	Watford	E14001021
25829	Jamie Wallis	Bridgend	W07000073
25830	Katherine Fletcher	South Ribble	E14000943
25831	Natalie Elphicke	Dover	E14000670
25832	Robin Millar	Aberconwy	W07000058
25833	Mary Foy	City of Durham	E14000641
25834	Nicola Richards	West Bromwich East	E14001029
25835	Laura Farris	Newbury	E14000830
25836	Navendu Mishra	Stockport	E14000969
25837	Tom Randall	Gedling	E14000710
25838	Siobhan Baillie	Stroud	E14000980
25839	Kate Griffiths	Burton	E14000610
25841	Robert Largan	High Peak	E14000748
25842	Antony Higginbotham	Burnley	E14000609
25843	Virginia Crosbie	Ynys Môn	W07000041
25844	Duncan Baker	North Norfolk	E14000848
25845	Nadia Whittome	Nottingham East	E14000865
25846	Abena Oppong-Asare	Erith and Thamesmead	E14000696
25847	Saqib Bhatti	Meriden	E14000812
25848	Alyn Smith	Stirling	S14000057
25850	Anthony Browne	South Cambridgeshire	E14000934
25851	Laura Trott	Sevenoaks	E14000918
25852	Rob Roberts	Delyn	W07000042
25853	Matt Vickers	Stockton South	E14000971
25854	Ruth Edwards	Rushcliffe	E14000908
25855	Paul Howell	Sedgefield	E14000915
25856	Bell Ribeiro-Addy	Streatham	E14000978
25858	Gareth Davies	Grantham and Stamford	E14000714
25859	Nicholas Fletcher	Don Valley	E14000667
25860	James Sunderland	Bracknell	E14000586
25861	Steven Bonnar	Coatbridge, Chryston and Bellshill	S14000011
25862	Brendan Clarke-Smith	Bassetlaw	E14000546
25863	Amy Callaghan	East Dunbartonshire	S14000018
25864	Alexander Stafford	Rother Valley	E14000903
25865	Lia Nici	Great Grimsby	E14000716
25866	James Wild	North West Norfolk	E14000859
25867	Stephen Flynn	Aberdeen South	S14000002
25868	Anthony Mangnall	Totnes	E14001001
25869	Simon Fell	Barrow and Furness	E14000543
25870	Allan Dorans	Ayr, Carrick and Cumnock	S14000006
25871	Darren Henry	Broxtowe	E14000607
25872	Wendy Chamberlain	North East Fife	S14000049
25873	Neale Hanvey	Kirkcaldy and Cowdenbeath	S14000041
25874	Christian Wakeford	Bury South	E14000612
25875	Neil Hudson	Penrith and The Border	E14000877
25876	Sara Britcliffe	Hyndburn	E14000758
25877	Sarah Dines	Derbyshire Dales	E14000664
25878	Joy Morrissey	Beaconsfield	E14000550
25879	Julie Marson	Hertford and Stortford	E14000744
25880	Selaine Saxby	North Devon	E14000838
25881	Fay Jones	Brecon and Radnorshire	W07000068
25882	Jo Gideon	Stoke-on-Trent Central	E14000972
25883	Kieran Mullan	Crewe and Nantwich	E14000653
25884	Andy Carter	Warrington South	E14001018
25885	Charlotte Nichols	Warrington North	E14001017
25886	Mark Logan	Bolton North East	E14000578
25887	Gary Sambrook	Birmingham, Northfield	E14000565
25888	Tahir Ali	Birmingham, Hall Green	E14000562
25889	Ben Spencer	Runnymede and Weybridge	E14000907
25890	Claire Coutinho	East Surrey	E14000681
25891	Felicity Buchan	Kensington	E14000768
25892	David Simmonds	Ruislip, Northwood and Pinner	E14000906
25893	Richard Holden	North West Durham	E14000856
25894	Lee Anderson	Ashfield	E14000535
25895	Rob Butler	Aylesbury	E14000538
25896	Feryal Clark	Enfield North	E14000691
25897	Miriam Cates	Penistone and Stocksbridge	E14000876
25898	Jonathan Gullis	Stoke-on-Trent North	E14000973
25900	Theo Clarke	Stafford	E14000965
25901	Daisy Cooper	St Albans	E14000960
25902	Sally-Ann Hart	Hastings and Rye	E14000735
25903	Mark Fletcher	Bolsover	E14000577
25904	Jerome Mayhew	Broadland	E14000603
25905	James Daly	Bury North	E14000611
25906	Alicia Kearns	Rutland and Melton	E14000909
25907	Elliot Colburn	Carshalton and Wallington	E14000621
25908	Olivia Blake	Sheffield, Hallam	E14000922
25909	Zarah Sultana	Coventry South	E14000651
25910	Ben Everitt	Milton Keynes North	E14000821
25911	Simon Jupp	East Devon	E14000678
25912	Sam Tarry	Ilford South	E14000760
25913	Danny Kruger	Devizes	E14000665
25914	Apsana Begum	Poplar and Limehouse	E14000882
25915	Taiwo Owatemi	Coventry North West	E14000650
25916	Aaron Bell	Newcastle-under-Lyme	E14000834
25917	Marco Longhi	Dudley North	E14000671
25918	Chris Loder	West Dorset	E14001031
25919	Richard Thomson	Gordon	S14000037
25920	Gagan Mohindra	South West Hertfordshire	E14000951
25921	Jane Hunt	Loughborough	E14000797
25922	Robbie Moore	Keighley	E14000766
25923	Mark Eastwood	Dewsbury	E14000666
25924	David Johnston	Wantage	E14001015
25925	Greg Smith	Buckingham	E14000608
25926	Suzanne Webb	Stourbridge	E14000976
25927	Andrew Griffith	Arundel and South Downs	E14000534
25984	Jill Mortimer	Hartlepool	E14000733
26020	Anum Qaisar	Airdrie and Shotts	S14000003
26034	Sarah Green	Chesham and Amersham	E14000631
26040	Kim Leadbeater	Batley and Spen	E14000548
26055	Louie French	Old Bexley and Sidcup	E14000869
26056	Helen Morgan	North Shropshire	E14000849
26059	Anna Firth	Southend West	E14000957
26061	Paulette Hamilton	Birmingham, Erdington	E14000561
26085	Simon Lightwood	Wakefield	E14001009
26086	Richard Foord	Tiverton and Honiton	E14000996
